Domain,Job Role,Summary/Objective,Hard Skills,Soft Skills,Action Verbs,Tailored Title
Executive & Leadership,Chief Technology Officer (CTO),Strategic leader with proven experience in Technology Strategy and driving cross-functional teams to achieve organizational objectives.,"Technology Strategy, Cloud Strategy, Vendor Management, Enterprise Architecture, Budgeting","Leadership, Strategic Thinking, Stakeholder Management, Decision Making, Communication","Spearheaded, Directed, Oversaw, Aligned, Transformed",Chief Technology Officer (CTO) | Executive & Leadership
Executive & Leadership,Chief Information Officer (CIO),Strategic leader with proven experience in Technology Strategy and driving cross-functional teams to achieve organizational objectives.,"Technology Strategy, Cloud Strategy, Vendor Management, Enterprise Architecture, Budgeting","Leadership, Strategic Thinking, Stakeholder Management, Decision Making, Communication","Spearheaded, Directed, Oversaw, Aligned, Transformed",Chief Information Officer (CIO) | Executive & Leadership
Executive & Leadership,Chief Information Security Officer (CISO),Strategic leader with proven experience in Penetration Testing and driving cross-functional teams to achieve organizational objectives.,"Penetration Testing, Burp Suite, Metasploit, YARA, Reverse Engineering, SIEM","Leadership, Strategic Thinking, Stakeholder Management, Decision Making, Communication","Spearheaded, Directed, Oversaw, Aligned, Transformed",Chief Information Security Officer (CISO) | Executive & Leadership
Executive & Leadership,Chief Data Officer (CDO),Strategic leader with proven experience in Python and driving cross-functional teams to achieve organizational objectives.,"Python, Pandas, NumPy, SQL, TensorFlow, PyTorch, Scikit-learn, Data Modeling","Leadership, Strategic Thinking, Stakeholder Management, Decision Making, Communication","Spearheaded, Directed, Oversaw, Aligned, Transformed",Chief Data Officer (CDO) | Executive & Leadership
Executive & Leadership,Chief AI Officer (CAIO),Strategic leader with proven experience in Technology Strategy and driving cross-functional teams to achieve organizational objectives.,"Technology Strategy, Cloud Strategy, Vendor Management, Enterprise Architecture, Budgeting","Leadership, Strategic Thinking, Stakeholder Management, Decision Making, Communication","Spearheaded, Directed, Oversaw, Aligned, Transformed",Chief AI Officer (CAIO) | Executive & Leadership
Executive & Leadership,Chief Digital Officer (Digital Transformation),Strategic leader with proven experience in Technology Strategy and driving cross-functional teams to achieve organizational objectives.,"Technology Strategy, Cloud Strategy, Vendor Management, Enterprise Architecture, Budgeting","Leadership, Strategic Thinking, Stakeholder Management, Decision Making, Communication","Spearheaded, Directed, Oversaw, Aligned, Transformed",Chief Digital Officer (Digital Transformation) | Executive & Leadership
Executive & Leadership,VP / Director of Engineering,Strategic leader with proven experience in Technology Strategy and driving cross-functional teams to achieve organizational objectives.,"Technology Strategy, Cloud Strategy, Vendor Management, Enterprise Architecture, Budgeting","Leadership, Strategic Thinking, Stakeholder Management, Decision Making, Communication","Spearheaded, Directed, Oversaw, Aligned, Transformed",VP / Director of Engineering | Executive & Leadership
Executive & Leadership,VP / Director of IT Infrastructure,Strategic leader with proven experience in Technology Strategy and driving cross-functional teams to achieve organizational objectives.,"Technology Strategy, Cloud Strategy, Vendor Management, Enterprise Architecture, Budgeting","Leadership, Strategic Thinking, Stakeholder Management, Decision Making, Communication","Spearheaded, Directed, Oversaw, Aligned, Transformed",VP / Director of IT Infrastructure | Executive & Leadership
Executive & Leadership,VP / Director of Product / Data / Cloud,Strategic leader with proven experience in Python and driving cross-functional teams to achieve organizational objectives.,"Python, Pandas, NumPy, SQL, TensorFlow, PyTorch, Scikit-learn, Data Modeling","Leadership, Strategic Thinking, Stakeholder Management, Decision Making, Communication","Spearheaded, Directed, Oversaw, Aligned, Transformed",VP / Director of Product / Data / Cloud | Executive & Leadership
Executive & Leadership,Head of Innovation / Head of Automation,Strategic leader with proven experience in Technology Strategy and driving cross-functional teams to achieve organizational objectives.,"Technology Strategy, Cloud Strategy, Vendor Management, Enterprise Architecture, Budgeting","Leadership, Strategic Thinking, Stakeholder Management, Decision Making, Communication","Spearheaded, Directed, Oversaw, Aligned, Transformed",Head of Innovation / Head of Automation | Executive & Leadership
Software Engineering & Development,Software Engineer / Developer,Experienced Software Engineer / Developer with strong background in Java and proven ability to deliver results aligned with business goals.,"Java, Python, Git, REST APIs, SQL, Docker, Kubernetes, Unit Testing, OOP","Problem Solving, Team Collaboration, Communication, Attention to Detail, Adaptability","Developed, Implemented, Tested, Debugged, Optimized",Software Engineer / Developer | Software Engineering & Development
Software Engineering & Development,Backend Developer,Experienced Backend Developer with strong background in Java and proven ability to deliver results aligned with business goals.,"Java, Spring Boot, REST APIs, SQL, PostgreSQL, Hibernate, Docker, Microservices","Problem Solving, Team Collaboration, Communication, Attention to Detail, Adaptability","Developed, Implemented, Tested, Debugged, Optimized",Backend Developer | Software Engineering & Development
Software Engineering & Development,Frontend Developer,Experienced Frontend Developer with strong background in HTML5 and proven ability to deliver results aligned with business goals.,"HTML5, CSS3, JavaScript, React, TypeScript, Web Accessibility, Responsive Design","Problem Solving, Team Collaboration, Communication, Attention to Detail, Adaptability","Developed, Implemented, Tested, Debugged, Optimized",Frontend Developer | Software Engineering & Development
Software Engineering & Development,Full Stack Developer,Experienced Full Stack Developer with strong background in JavaScript and proven ability to deliver results aligned with business goals.,"JavaScript, Node.js, React, MongoDB, REST APIs, Docker, CI/CD","Problem Solving, Team Collaboration, Communication, Attention to Detail, Adaptability","Developed, Implemented, Tested, Debugged, Optimized",Full Stack Developer | Software Engineering & Development
Software Engineering & Development,Web Developer,Experienced Web Developer with strong background in HTML5 and proven ability to deliver results aligned with business goals.,"HTML5, CSS3, JavaScript, React, TypeScript, Web Accessibility, Responsive Design","Problem Solving, Team Collaboration, Communication, Attention to Detail, Adaptability","Developed, Implemented, Tested, Debugged, Optimized",Web Developer | Software Engineering & Development
Software Engineering & Development,Mobile App Developer (Android),Experienced Mobile App Developer (Android) with strong background in Kotlin and proven ability to deliver results aligned with business goals.,"Kotlin, Android SDK, Jetpack Compose, REST APIs, Firebase, Gradle","Problem Solving, Team Collaboration, Communication, Attention to Detail, Adaptability","Developed, Implemented, Tested, Debugged, Optimized",Mobile App Developer (Android) | Software Engineering & Development
Software Engineering & Development,Mobile App Developer (iOS),Experienced Mobile App Developer (iOS) with strong background in Swift and proven ability to deliver results aligned with business goals.,"Swift, iOS SDK, SwiftUI, REST APIs, Core Data, Xcode","Problem Solving, Team Collaboration, Communication, Attention to Detail, Adaptability","Developed, Implemented, Tested, Debugged, Optimized",Mobile App Developer (iOS) | Software Engineering & Development
Software Engineering & Development,Mobile App Developer (Flutter / React Native),Experienced Mobile App Developer (Flutter / React Native) with strong background in Flutter/Dart and proven ability to deliver results aligned with business goals.,"Flutter/Dart, React Native, Cross-Platform Development, REST APIs, CI/CD","Problem Solving, Team Collaboration, Communication, Attention to Detail, Adaptability","Developed, Implemented, Tested, Debugged, Optimized",Mobile App Developer (Flutter / React Native) | Software Engineering & Development
Software Engineering & Development,Game Developer / Unity Developer,Experienced Game Developer / Unity Developer with strong background in Unity and proven ability to deliver results aligned with business goals.,"Unity, C#, Game Physics, Shader Programming, Performance Profiling","Problem Solving, Team Collaboration, Communication, Attention to Detail, Adaptability","Developed, Implemented, Tested, Debugged, Optimized",Game Developer / Unity Developer | Software Engineering & Development
Software Engineering & Development,Embedded Systems Engineer,Experienced Embedded Systems Engineer with strong background in C/C++ and proven ability to deliver results aligned with business goals.,"C/C++, Embedded Linux, RTOS, Device Drivers, Firmware Debugging, JTAG","Problem Solving, Team Collaboration, Communication, Attention to Detail, Adaptability","Developed, Implemented, Tested, Debugged, Optimized",Embedded Systems Engineer | Software Engineering & Development
Software Engineering & Development,Firmware Engineer,Experienced Firmware Engineer with strong background in C/C++ and proven ability to deliver results aligned with business goals.,"C/C++, Embedded Linux, RTOS, Device Drivers, Firmware Debugging, JTAG","Problem Solving, Team Collaboration, Communication, Attention to Detail, Adaptability","Developed, Implemented, Tested, Debugged, Optimized",Firmware Engineer | Software Engineering & Development
Software Engineering & Development,API Developer,Experienced API Developer with strong background in REST API Design and proven ability to deliver results aligned with business goals.,"REST API Design, OpenAPI/Swagger, OAuth2, SDK Development, Versioning, Documentation","Problem Solving, Team Collaboration, Communication, Attention to Detail, Adaptability","Developed, Implemented, Tested, Debugged, Optimized",API Developer | Software Engineering & Development
Software Engineering & Development,UI Developer,Experienced UI Developer with strong background in HTML5 and proven ability to deliver results aligned with business goals.,"HTML5, CSS3, JavaScript, React, TypeScript, Web Accessibility, Responsive Design","Problem Solving, Team Collaboration, Communication, Attention to Detail, Adaptability","Developed, Implemented, Tested, Debugged, Optimized",UI Developer | Software Engineering & Development
Software Engineering & Development,Integration Engineer,Experienced Integration Engineer with strong background in Java and proven ability to deliver results aligned with business goals.,"Java, Python, Git, REST APIs, SQL, Docker, Kubernetes, Unit Testing, OOP","Problem Solving, Team Collaboration, Communication, Attention to Detail, Adaptability","Developed, Implemented, Tested, Debugged, Optimized",Integration Engineer | Software Engineering & Development
Software Engineering & Development,SDK Developer,Experienced SDK Developer with strong background in REST API Design and proven ability to deliver results aligned with business goals.,"REST API Design, OpenAPI/Swagger, OAuth2, SDK Development, Versioning, Documentation","Problem Solving, Team Collaboration, Communication, Attention to Detail, Adaptability","Developed, Implemented, Tested, Debugged, Optimized",SDK Developer | Software Engineering & Development
Software Engineering & Development,"ERP Developer (SAP, Oracle, Dynamics)","Experienced ERP Developer (SAP, Oracle, Dynamics) with strong background in SAP (ABAP) and proven ability to deliver results aligned with business goals.","SAP (ABAP), Oracle EBS, Dynamics, Salesforce, Integration, Customization","Problem Solving, Team Collaboration, Communication, Attention to Detail, Adaptability","Developed, Implemented, Tested, Debugged, Optimized","ERP Developer (SAP, Oracle, Dynamics) | Software Engineering & Development"
Software Engineering & Development,Middleware Developer,Experienced Middleware Developer with strong background in Java and proven ability to deliver results aligned with business goals.,"Java, Python, Git, REST APIs, SQL, Docker, Kubernetes, Unit Testing, OOP","Problem Solving, Team Collaboration, Communication, Attention to Detail, Adaptability","Developed, Implemented, Tested, Debugged, Optimized",Middleware Developer | Software Engineering & Development
Software Engineering & Development,RPA Developer (Automation Anywhere / UiPath / Blue Prism),Experienced RPA Developer (Automation Anywhere / UiPath / Blue Prism) with strong background in UiPath and proven ability to deliver results aligned with business goals.,"UiPath, Automation Anywhere, Blue Prism, Workflow Automation, Scripting","Problem Solving, Team Collaboration, Communication, Attention to Detail, Adaptability","Developed, Implemented, Tested, Debugged, Optimized",RPA Developer (Automation Anywhere / UiPath / Blue Prism) | Software Engineering & Development
Architecture & Strategy,Solution Architect,Experienced Solution Architect with strong background in System Design and proven ability to deliver results aligned with business goals.,"System Design, Microservices, Cloud Architecture, Integration Patterns, Scalability","Analytical Thinking, Communication, Mentorship, Problem Solving, Planning","Architected, Designed, Evaluated, Standardized, Implemented",Solution Architect | Architecture & Strategy
Architecture & Strategy,Enterprise Architect,Experienced Enterprise Architect with strong background in System Design and proven ability to deliver results aligned with business goals.,"System Design, Microservices, Cloud Architecture, Integration Patterns, Scalability","Analytical Thinking, Communication, Mentorship, Problem Solving, Planning","Architected, Designed, Evaluated, Standardized, Implemented",Enterprise Architect | Architecture & Strategy
Architecture & Strategy,Software Architect,Experienced Software Architect with strong background in System Design and proven ability to deliver results aligned with business goals.,"System Design, Microservices, Cloud Architecture, Integration Patterns, Scalability","Analytical Thinking, Communication, Mentorship, Problem Solving, Planning","Architected, Designed, Evaluated, Standardized, Implemented",Software Architect | Architecture & Strategy
Architecture & Strategy,Cloud Architect,Experienced Cloud Architect with strong background in System Design and proven ability to deliver results aligned with business goals.,"System Design, Microservices, Cloud Architecture, Integration Patterns, Scalability","Analytical Thinking, Communication, Mentorship, Problem Solving, Planning","Architected, Designed, Evaluated, Standardized, Implemented",Cloud Architect | Architecture & Strategy
Architecture & Strategy,Data Architect,Experienced Data Architect with strong background in System Design and proven ability to deliver results aligned with business goals.,"System Design, Microservices, Cloud Architecture, Integration Patterns, Scalability","Analytical Thinking, Communication, Mentorship, Problem Solving, Planning","Architected, Designed, Evaluated, Standardized, Implemented",Data Architect | Architecture & Strategy
Architecture & Strategy,Network Architect,Experienced Network Architect with strong background in System Design and proven ability to deliver results aligned with business goals.,"System Design, Microservices, Cloud Architecture, Integration Patterns, Scalability","Analytical Thinking, Communication, Mentorship, Problem Solving, Planning","Architected, Designed, Evaluated, Standardized, Implemented",Network Architect | Architecture & Strategy
Architecture & Strategy,Security Architect,Experienced Security Architect with strong background in System Design and proven ability to deliver results aligned with business goals.,"System Design, Microservices, Cloud Architecture, Integration Patterns, Scalability","Analytical Thinking, Communication, Mentorship, Problem Solving, Planning","Architected, Designed, Evaluated, Standardized, Implemented",Security Architect | Architecture & Strategy
Architecture & Strategy,Application Architect,Experienced Application Architect with strong background in System Design and proven ability to deliver results aligned with business goals.,"System Design, Microservices, Cloud Architecture, Integration Patterns, Scalability","Analytical Thinking, Communication, Mentorship, Problem Solving, Planning","Architected, Designed, Evaluated, Standardized, Implemented",Application Architect | Architecture & Strategy
Architecture & Strategy,Infrastructure Architect,Experienced Infrastructure Architect with strong background in System Design and proven ability to deliver results aligned with business goals.,"System Design, Microservices, Cloud Architecture, Integration Patterns, Scalability","Analytical Thinking, Communication, Mentorship, Problem Solving, Planning","Architected, Designed, Evaluated, Standardized, Implemented",Infrastructure Architect | Architecture & Strategy
Architecture & Strategy,Integration Architect,Experienced Integration Architect with strong background in System Design and proven ability to deliver results aligned with business goals.,"System Design, Microservices, Cloud Architecture, Integration Patterns, Scalability","Analytical Thinking, Communication, Mentorship, Problem Solving, Planning","Architected, Designed, Evaluated, Standardized, Implemented",Integration Architect | Architecture & Strategy
"DevOps, Automation & Reliability",DevOps Engineer,Experienced DevOps Engineer with strong background in Jenkins and proven ability to deliver results aligned with business goals.,"Jenkins, GitLab CI, Docker, Kubernetes, Terraform, Ansible, Monitoring","Automation, Collaboration, Process Orientation, Troubleshooting","Automated, Deployed, Monitored, Streamlined, Integrated","DevOps Engineer | DevOps, Automation & Reliability"
"DevOps, Automation & Reliability",Site Reliability Engineer (SRE),Experienced Site Reliability Engineer (SRE) with strong background in Prometheus and proven ability to deliver results aligned with business goals.,"Prometheus, Grafana, SLIs/SLOs, Incident Response, Automation, Distributed Systems","Automation, Collaboration, Process Orientation, Troubleshooting","Automated, Deployed, Monitored, Streamlined, Integrated","Site Reliability Engineer (SRE) | DevOps, Automation & Reliability"
"DevOps, Automation & Reliability",Build & Release Engineer,Experienced Build & Release Engineer with strong background in Jenkins and proven ability to deliver results aligned with business goals.,"Jenkins, GitLab CI, Docker, Kubernetes, Terraform, Ansible, Monitoring","Automation, Collaboration, Process Orientation, Troubleshooting","Automated, Deployed, Monitored, Streamlined, Integrated","Build & Release Engineer | DevOps, Automation & Reliability"
"DevOps, Automation & Reliability",CI/CD Pipeline Engineer,Experienced CI/CD Pipeline Engineer with strong background in Jenkins and proven ability to deliver results aligned with business goals.,"Jenkins, GitLab CI, Docker, Kubernetes, Terraform, Ansible, Monitoring","Automation, Collaboration, Process Orientation, Troubleshooting","Automated, Deployed, Monitored, Streamlined, Integrated","CI/CD Pipeline Engineer | DevOps, Automation & Reliability"
"DevOps, Automation & Reliability",Automation Engineer,Experienced Automation Engineer with strong background in CI/CD and proven ability to deliver results aligned with business goals.,"CI/CD, Jenkins, GitLab CI, Docker, Kubernetes, Terraform, Monitoring","Automation, Collaboration, Process Orientation, Troubleshooting","Automated, Deployed, Monitored, Streamlined, Integrated","Automation Engineer | DevOps, Automation & Reliability"
"DevOps, Automation & Reliability",Platform Engineer,Experienced Platform Engineer with strong background in CI/CD and proven ability to deliver results aligned with business goals.,"CI/CD, Jenkins, GitLab CI, Docker, Kubernetes, Terraform, Monitoring","Automation, Collaboration, Process Orientation, Troubleshooting","Automated, Deployed, Monitored, Streamlined, Integrated","Platform Engineer | DevOps, Automation & Reliability"
"DevOps, Automation & Reliability",Systems Reliability Manager,Experienced Systems Reliability Manager with strong background in Prometheus and proven ability to deliver results aligned with business goals.,"Prometheus, Grafana, SLIs/SLOs, Incident Response, Automation, Distributed Systems","Automation, Collaboration, Process Orientation, Troubleshooting","Automated, Deployed, Monitored, Streamlined, Integrated","Systems Reliability Manager | DevOps, Automation & Reliability"
"DevOps, Automation & Reliability",Infrastructure as Code (IaC) Engineer,Experienced Infrastructure as Code (IaC) Engineer with strong background in CI/CD and proven ability to deliver results aligned with business goals.,"CI/CD, Jenkins, GitLab CI, Docker, Kubernetes, Terraform, Monitoring","Automation, Collaboration, Process Orientation, Troubleshooting","Automated, Deployed, Monitored, Streamlined, Integrated","Infrastructure as Code (IaC) Engineer | DevOps, Automation & Reliability"
"DevOps, Automation & Reliability",Containerization Specialist (Docker / Kubernetes Expert),Experienced Containerization Specialist (Docker / Kubernetes Expert) with strong background in CI/CD and proven ability to deliver results aligned with business goals.,"CI/CD, Jenkins, GitLab CI, Docker, Kubernetes, Terraform, Monitoring","Automation, Collaboration, Process Orientation, Troubleshooting","Automated, Deployed, Monitored, Streamlined, Integrated","Containerization Specialist (Docker / Kubernetes Expert) | DevOps, Automation & Reliability"
Cloud & Infrastructure,Cloud Engineer (AWS / Azure / GCP),Experienced Cloud Engineer (AWS / Azure / GCP) with strong background in AWS and proven ability to deliver results aligned with business goals.,"AWS, Azure, GCP, Terraform, Serverless, IAM, Cloud Networking","Troubleshooting, Operational Excellence, Time Management, Communication","Deployed, Managed, Configured, Optimized, Secured",Cloud Engineer (AWS / Azure / GCP) | Cloud & Infrastructure
Cloud & Infrastructure,Cloud Administrator,Experienced Cloud Administrator with strong background in AWS and proven ability to deliver results aligned with business goals.,"AWS, Azure, GCP, Terraform, Linux, Networking, Virtualization, IAM","Troubleshooting, Operational Excellence, Time Management, Communication","Deployed, Managed, Configured, Optimized, Secured",Cloud Administrator | Cloud & Infrastructure
Cloud & Infrastructure,Cloud Operations Engineer,Experienced Cloud Operations Engineer with strong background in AWS and proven ability to deliver results aligned with business goals.,"AWS, Azure, GCP, Terraform, Serverless, IAM, Cloud Networking","Troubleshooting, Operational Excellence, Time Management, Communication","Deployed, Managed, Configured, Optimized, Secured",Cloud Operations Engineer | Cloud & Infrastructure
Cloud & Infrastructure,Cloud Support Associate,Experienced Cloud Support Associate with strong background in AWS and proven ability to deliver results aligned with business goals.,"AWS, Azure, GCP, Terraform, Linux, Networking, Virtualization, IAM","Troubleshooting, Operational Excellence, Time Management, Communication","Deployed, Managed, Configured, Optimized, Secured",Cloud Support Associate | Cloud & Infrastructure
Cloud & Infrastructure,Virtualization Engineer (VMware / Hyper-V),Experienced Virtualization Engineer (VMware / Hyper-V) with strong background in VMware and proven ability to deliver results aligned with business goals.,"VMware, Hyper-V, vSphere, SAN, Storage, Virtualization Troubleshooting","Troubleshooting, Operational Excellence, Time Management, Communication","Deployed, Managed, Configured, Optimized, Secured",Virtualization Engineer (VMware / Hyper-V) | Cloud & Infrastructure
Cloud & Infrastructure,Systems Administrator,Experienced Systems Administrator with strong background in AWS and proven ability to deliver results aligned with business goals.,"AWS, Azure, GCP, Terraform, Linux, Networking, Virtualization, IAM","Troubleshooting, Operational Excellence, Time Management, Communication","Deployed, Managed, Configured, Optimized, Secured",Systems Administrator | Cloud & Infrastructure
Cloud & Infrastructure,Systems Engineer,Experienced Systems Engineer with strong background in AWS and proven ability to deliver results aligned with business goals.,"AWS, Azure, GCP, Terraform, Linux, Networking, Virtualization, IAM","Troubleshooting, Operational Excellence, Time Management, Communication","Deployed, Managed, Configured, Optimized, Secured",Systems Engineer | Cloud & Infrastructure
Cloud & Infrastructure,Network Engineer,Experienced Network Engineer with strong background in TCP/IP and proven ability to deliver results aligned with business goals.,"TCP/IP, BGP, OSPF, Cisco IOS, Switching, Routing, Network Monitoring","Troubleshooting, Operational Excellence, Time Management, Communication","Deployed, Managed, Configured, Optimized, Secured",Network Engineer | Cloud & Infrastructure
Cloud & Infrastructure,Network Administrator,Experienced Network Administrator with strong background in TCP/IP and proven ability to deliver results aligned with business goals.,"TCP/IP, BGP, OSPF, Cisco IOS, Switching, Routing, Network Monitoring","Troubleshooting, Operational Excellence, Time Management, Communication","Deployed, Managed, Configured, Optimized, Secured",Network Administrator | Cloud & Infrastructure
Cloud & Infrastructure,Network Operations Center (NOC) Engineer,Experienced Network Operations Center (NOC) Engineer with strong background in TCP/IP and proven ability to deliver results aligned with business goals.,"TCP/IP, BGP, OSPF, Cisco IOS, Switching, Routing, Network Monitoring","Troubleshooting, Operational Excellence, Time Management, Communication","Deployed, Managed, Configured, Optimized, Secured",Network Operations Center (NOC) Engineer | Cloud & Infrastructure
Cloud & Infrastructure,Storage Administrator,Experienced Storage Administrator with strong background in SAN and proven ability to deliver results aligned with business goals.,"SAN, NAS, Backup Strategies, Replication, Data Protection, DR Planning","Troubleshooting, Operational Excellence, Time Management, Communication","Deployed, Managed, Configured, Optimized, Secured",Storage Administrator | Cloud & Infrastructure
Cloud & Infrastructure,Backup & Recovery Specialist,Experienced Backup & Recovery Specialist with strong background in SAN and proven ability to deliver results aligned with business goals.,"SAN, NAS, Backup Strategies, Replication, Data Protection, DR Planning","Troubleshooting, Operational Excellence, Time Management, Communication","Deployed, Managed, Configured, Optimized, Secured",Backup & Recovery Specialist | Cloud & Infrastructure
Cloud & Infrastructure,Linux / Windows Administrator,Experienced Linux / Windows Administrator with strong background in AWS and proven ability to deliver results aligned with business goals.,"AWS, Azure, GCP, Terraform, Linux, Networking, Virtualization, IAM","Troubleshooting, Operational Excellence, Time Management, Communication","Deployed, Managed, Configured, Optimized, Secured",Linux / Windows Administrator | Cloud & Infrastructure
Cloud & Infrastructure,IT Infrastructure Manager,Experienced IT Infrastructure Manager with strong background in AWS and proven ability to deliver results aligned with business goals.,"AWS, Azure, GCP, Terraform, Linux, Networking, Virtualization, IAM","Troubleshooting, Operational Excellence, Time Management, Communication","Deployed, Managed, Configured, Optimized, Secured",IT Infrastructure Manager | Cloud & Infrastructure
Cloud & Infrastructure,IT Operations Manager,Experienced IT Operations Manager with strong background in AWS and proven ability to deliver results aligned with business goals.,"AWS, Azure, GCP, Terraform, Linux, Networking, Virtualization, IAM","Troubleshooting, Operational Excellence, Time Management, Communication","Deployed, Managed, Configured, Optimized, Secured",IT Operations Manager | Cloud & Infrastructure
Cybersecurity & Risk,Cybersecurity Analyst,Experienced Cybersecurity Analyst with strong background in SIEM and proven ability to deliver results aligned with business goals.,"SIEM, IDS/IPS, Penetration Testing, Vulnerability Assessment, IAM, Encryption","Attention to Detail, Integrity, Analytical Thinking, Crisis Management","Monitored, Tested, Hardened, Mitigated, Responded",Cybersecurity Analyst | Cybersecurity & Risk
Cybersecurity & Risk,Information Security Engineer,Experienced Information Security Engineer with strong background in Penetration Testing and proven ability to deliver results aligned with business goals.,"Penetration Testing, Burp Suite, Metasploit, YARA, Reverse Engineering, SIEM","Attention to Detail, Integrity, Analytical Thinking, Crisis Management","Monitored, Tested, Hardened, Mitigated, Responded",Information Security Engineer | Cybersecurity & Risk
Cybersecurity & Risk,Security Operations Center (SOC) Analyst,Experienced Security Operations Center (SOC) Analyst with strong background in Penetration Testing and proven ability to deliver results aligned with business goals.,"Penetration Testing, Burp Suite, Metasploit, YARA, Reverse Engineering, SIEM","Attention to Detail, Integrity, Analytical Thinking, Crisis Management","Monitored, Tested, Hardened, Mitigated, Responded",Security Operations Center (SOC) Analyst | Cybersecurity & Risk
Cybersecurity & Risk,Threat Intelligence Analyst,Experienced Threat Intelligence Analyst with strong background in SIEM and proven ability to deliver results aligned with business goals.,"SIEM, IDS/IPS, Penetration Testing, Vulnerability Assessment, IAM, Encryption","Attention to Detail, Integrity, Analytical Thinking, Crisis Management","Monitored, Tested, Hardened, Mitigated, Responded",Threat Intelligence Analyst | Cybersecurity & Risk
Cybersecurity & Risk,Penetration Tester / Ethical Hacker,Experienced Penetration Tester / Ethical Hacker with strong background in Penetration Testing and proven ability to deliver results aligned with business goals.,"Penetration Testing, Burp Suite, Metasploit, YARA, Reverse Engineering, SIEM","Attention to Detail, Integrity, Analytical Thinking, Crisis Management","Monitored, Tested, Hardened, Mitigated, Responded",Penetration Tester / Ethical Hacker | Cybersecurity & Risk
Cybersecurity & Risk,Security Researcher,Experienced Security Researcher with strong background in Penetration Testing and proven ability to deliver results aligned with business goals.,"Penetration Testing, Burp Suite, Metasploit, YARA, Reverse Engineering, SIEM","Attention to Detail, Integrity, Analytical Thinking, Crisis Management","Monitored, Tested, Hardened, Mitigated, Responded",Security Researcher | Cybersecurity & Risk
Cybersecurity & Risk,Incident Response Engineer,Experienced Incident Response Engineer with strong background in SIEM and proven ability to deliver results aligned with business goals.,"SIEM, IDS/IPS, Penetration Testing, Vulnerability Assessment, IAM, Encryption","Attention to Detail, Integrity, Analytical Thinking, Crisis Management","Monitored, Tested, Hardened, Mitigated, Responded",Incident Response Engineer | Cybersecurity & Risk
Cybersecurity & Risk,Malware Analyst,Experienced Malware Analyst with strong background in Penetration Testing and proven ability to deliver results aligned with business goals.,"Penetration Testing, Burp Suite, Metasploit, YARA, Reverse Engineering, SIEM","Attention to Detail, Integrity, Analytical Thinking, Crisis Management","Monitored, Tested, Hardened, Mitigated, Responded",Malware Analyst | Cybersecurity & Risk
Cybersecurity & Risk,Forensic Analyst,Experienced Forensic Analyst with strong background in SIEM and proven ability to deliver results aligned with business goals.,"SIEM, IDS/IPS, Penetration Testing, Vulnerability Assessment, IAM, Encryption","Attention to Detail, Integrity, Analytical Thinking, Crisis Management","Monitored, Tested, Hardened, Mitigated, Responded",Forensic Analyst | Cybersecurity & Risk
Cybersecurity & Risk,Security Compliance Officer,Experienced Security Compliance Officer with strong background in Penetration Testing and proven ability to deliver results aligned with business goals.,"Penetration Testing, Burp Suite, Metasploit, YARA, Reverse Engineering, SIEM","Attention to Detail, Integrity, Analytical Thinking, Crisis Management","Monitored, Tested, Hardened, Mitigated, Responded",Security Compliance Officer | Cybersecurity & Risk
Cybersecurity & Risk,"Governance, Risk & Compliance (GRC) Specialist","Experienced Governance, Risk & Compliance (GRC) Specialist with strong background in SIEM and proven ability to deliver results aligned with business goals.","SIEM, IDS/IPS, Penetration Testing, Vulnerability Assessment, IAM, Encryption","Attention to Detail, Integrity, Analytical Thinking, Crisis Management","Monitored, Tested, Hardened, Mitigated, Responded","Governance, Risk & Compliance (GRC) Specialist | Cybersecurity & Risk"
Cybersecurity & Risk,Application Security Engineer,Experienced Application Security Engineer with strong background in Penetration Testing and proven ability to deliver results aligned with business goals.,"Penetration Testing, Burp Suite, Metasploit, YARA, Reverse Engineering, SIEM","Attention to Detail, Integrity, Analytical Thinking, Crisis Management","Monitored, Tested, Hardened, Mitigated, Responded",Application Security Engineer | Cybersecurity & Risk
Cybersecurity & Risk,Network Security Engineer,Experienced Network Security Engineer with strong background in TCP/IP and proven ability to deliver results aligned with business goals.,"TCP/IP, BGP, OSPF, Cisco IOS, Switching, Routing, Network Monitoring","Attention to Detail, Integrity, Analytical Thinking, Crisis Management","Monitored, Tested, Hardened, Mitigated, Responded",Network Security Engineer | Cybersecurity & Risk
Cybersecurity & Risk,Cloud Security Engineer,Experienced Cloud Security Engineer with strong background in AWS and proven ability to deliver results aligned with business goals.,"AWS, Azure, GCP, Terraform, Serverless, IAM, Cloud Networking","Attention to Detail, Integrity, Analytical Thinking, Crisis Management","Monitored, Tested, Hardened, Mitigated, Responded",Cloud Security Engineer | Cybersecurity & Risk
Cybersecurity & Risk,Identity & Access Management (IAM) Specialist,Experienced Identity & Access Management (IAM) Specialist with strong background in SIEM and proven ability to deliver results aligned with business goals.,"SIEM, IDS/IPS, Penetration Testing, Vulnerability Assessment, IAM, Encryption","Attention to Detail, Integrity, Analytical Thinking, Crisis Management","Monitored, Tested, Hardened, Mitigated, Responded",Identity & Access Management (IAM) Specialist | Cybersecurity & Risk
Cybersecurity & Risk,Zero-Trust Security Architect,Experienced Zero-Trust Security Architect with strong background in System Design and proven ability to deliver results aligned with business goals.,"System Design, Microservices, Cloud Architecture, Integration Patterns, Scalability","Attention to Detail, Integrity, Analytical Thinking, Crisis Management","Monitored, Tested, Hardened, Mitigated, Responded",Zero-Trust Security Architect | Cybersecurity & Risk
"Data, Analytics & AI",Data Analyst,Experienced Data Analyst with strong background in Python and proven ability to deliver results aligned with business goals.,"Python, Pandas, NumPy, SQL, TensorFlow, PyTorch, Scikit-learn, Data Modeling","Analytical Thinking, Curiosity, Communication, Statistical Reasoning","Analyzed, Modeled, Visualized, Predicted, Optimized","Data Analyst | Data, Analytics & AI"
"Data, Analytics & AI",Business Intelligence (BI) Analyst,Experienced Business Intelligence (BI) Analyst with strong background in Python and proven ability to deliver results aligned with business goals.,"Python, SQL, Pandas, TensorFlow, Spark, Tableau, Machine Learning, Data Modeling","Analytical Thinking, Curiosity, Communication, Statistical Reasoning","Analyzed, Modeled, Visualized, Predicted, Optimized","Business Intelligence (BI) Analyst | Data, Analytics & AI"
"Data, Analytics & AI",Data Engineer,Experienced Data Engineer with strong background in Python and proven ability to deliver results aligned with business goals.,"Python, Pandas, NumPy, SQL, TensorFlow, PyTorch, Scikit-learn, Data Modeling","Analytical Thinking, Curiosity, Communication, Statistical Reasoning","Analyzed, Modeled, Visualized, Predicted, Optimized","Data Engineer | Data, Analytics & AI"
"Data, Analytics & AI",Data Scientist,Experienced Data Scientist with strong background in Python and proven ability to deliver results aligned with business goals.,"Python, Pandas, NumPy, SQL, TensorFlow, PyTorch, Scikit-learn, Data Modeling","Analytical Thinking, Curiosity, Communication, Statistical Reasoning","Analyzed, Modeled, Visualized, Predicted, Optimized","Data Scientist | Data, Analytics & AI"
"Data, Analytics & AI",Machine Learning Engineer,Experienced Machine Learning Engineer with strong background in Python and proven ability to deliver results aligned with business goals.,"Python, Pandas, NumPy, SQL, TensorFlow, PyTorch, Scikit-learn, Data Modeling","Analytical Thinking, Curiosity, Communication, Statistical Reasoning","Analyzed, Modeled, Visualized, Predicted, Optimized","Machine Learning Engineer | Data, Analytics & AI"
"Data, Analytics & AI",Deep Learning Engineer,Experienced Deep Learning Engineer with strong background in Python and proven ability to deliver results aligned with business goals.,"Python, SQL, Pandas, TensorFlow, Spark, Tableau, Machine Learning, Data Modeling","Analytical Thinking, Curiosity, Communication, Statistical Reasoning","Analyzed, Modeled, Visualized, Predicted, Optimized","Deep Learning Engineer | Data, Analytics & AI"
"Data, Analytics & AI",Artificial Intelligence Engineer,Experienced Artificial Intelligence Engineer with strong background in Python and proven ability to deliver results aligned with business goals.,"Python, SQL, Pandas, TensorFlow, Spark, Tableau, Machine Learning, Data Modeling","Analytical Thinking, Curiosity, Communication, Statistical Reasoning","Analyzed, Modeled, Visualized, Predicted, Optimized","Artificial Intelligence Engineer | Data, Analytics & AI"
"Data, Analytics & AI",MLOps Engineer,Experienced MLOps Engineer with strong background in Python and proven ability to deliver results aligned with business goals.,"Python, SQL, Pandas, TensorFlow, Spark, Tableau, Machine Learning, Data Modeling","Analytical Thinking, Curiosity, Communication, Statistical Reasoning","Analyzed, Modeled, Visualized, Predicted, Optimized","MLOps Engineer | Data, Analytics & AI"
"Data, Analytics & AI",Computer Vision Engineer,Experienced Computer Vision Engineer with strong background in Python and proven ability to deliver results aligned with business goals.,"Python, Pandas, NumPy, SQL, TensorFlow, PyTorch, Scikit-learn, Data Modeling","Analytical Thinking, Curiosity, Communication, Statistical Reasoning","Analyzed, Modeled, Visualized, Predicted, Optimized","Computer Vision Engineer | Data, Analytics & AI"
"Data, Analytics & AI",NLP Engineer,Experienced NLP Engineer with strong background in Python and proven ability to deliver results aligned with business goals.,"Python, Pandas, NumPy, SQL, TensorFlow, PyTorch, Scikit-learn, Data Modeling","Analytical Thinking, Curiosity, Communication, Statistical Reasoning","Analyzed, Modeled, Visualized, Predicted, Optimized","NLP Engineer | Data, Analytics & AI"
"Data, Analytics & AI",Big Data Engineer (Hadoop / Spark / Kafka),Experienced Big Data Engineer (Hadoop / Spark / Kafka) with strong background in Python and proven ability to deliver results aligned with business goals.,"Python, Pandas, NumPy, SQL, TensorFlow, PyTorch, Scikit-learn, Data Modeling","Analytical Thinking, Curiosity, Communication, Statistical Reasoning","Analyzed, Modeled, Visualized, Predicted, Optimized","Big Data Engineer (Hadoop / Spark / Kafka) | Data, Analytics & AI"
"Data, Analytics & AI",Data Quality Analyst,Experienced Data Quality Analyst with strong background in Python and proven ability to deliver results aligned with business goals.,"Python, Pandas, NumPy, SQL, TensorFlow, PyTorch, Scikit-learn, Data Modeling","Analytical Thinking, Curiosity, Communication, Statistical Reasoning","Analyzed, Modeled, Visualized, Predicted, Optimized","Data Quality Analyst | Data, Analytics & AI"
"Data, Analytics & AI",Data Governance Specialist,Experienced Data Governance Specialist with strong background in Python and proven ability to deliver results aligned with business goals.,"Python, Pandas, NumPy, SQL, TensorFlow, PyTorch, Scikit-learn, Data Modeling","Analytical Thinking, Curiosity, Communication, Statistical Reasoning","Analyzed, Modeled, Visualized, Predicted, Optimized","Data Governance Specialist | Data, Analytics & AI"
"Data, Analytics & AI",Data Visualization Expert (Power BI / Tableau / Qlik),Experienced Data Visualization Expert (Power BI / Tableau / Qlik) with strong background in Python and proven ability to deliver results aligned with business goals.,"Python, Pandas, NumPy, SQL, TensorFlow, PyTorch, Scikit-learn, Data Modeling","Analytical Thinking, Curiosity, Communication, Statistical Reasoning","Analyzed, Modeled, Visualized, Predicted, Optimized","Data Visualization Expert (Power BI / Tableau / Qlik) | Data, Analytics & AI"
"Data, Analytics & AI",Quantitative Analyst,Experienced Quantitative Analyst with strong background in Python and proven ability to deliver results aligned with business goals.,"Python, SQL, Pandas, TensorFlow, Spark, Tableau, Machine Learning, Data Modeling","Analytical Thinking, Curiosity, Communication, Statistical Reasoning","Analyzed, Modeled, Visualized, Predicted, Optimized","Quantitative Analyst | Data, Analytics & AI"
"Data, Analytics & AI",Research Data Scientist,Experienced Research Data Scientist with strong background in Python and proven ability to deliver results aligned with business goals.,"Python, Pandas, NumPy, SQL, TensorFlow, PyTorch, Scikit-learn, Data Modeling","Analytical Thinking, Curiosity, Communication, Statistical Reasoning","Analyzed, Modeled, Visualized, Predicted, Optimized","Research Data Scientist | Data, Analytics & AI"
"Data, Analytics & AI",Data Product Manager,Experienced Data Product Manager with strong background in Python and proven ability to deliver results aligned with business goals.,"Python, Pandas, NumPy, SQL, TensorFlow, PyTorch, Scikit-learn, Data Modeling","Analytical Thinking, Curiosity, Communication, Statistical Reasoning","Analyzed, Modeled, Visualized, Predicted, Optimized","Data Product Manager | Data, Analytics & AI"
"Data, Analytics & AI",Statistician,Experienced Statistician with strong background in Python and proven ability to deliver results aligned with business goals.,"Python, SQL, Pandas, TensorFlow, Spark, Tableau, Machine Learning, Data Modeling","Analytical Thinking, Curiosity, Communication, Statistical Reasoning","Analyzed, Modeled, Visualized, Predicted, Optimized","Statistician | Data, Analytics & AI"
Database & Storage,Database Administrator (DBA),Experienced Database Administrator (DBA) with strong background in Python and proven ability to deliver results aligned with business goals.,"Python, Pandas, NumPy, SQL, TensorFlow, PyTorch, Scikit-learn, Data Modeling","Attention to Detail, Analytical Thinking, Troubleshooting, Documentation","Designed, Tuned, Implemented, Migrated, Optimized",Database Administrator (DBA) | Database & Storage
Database & Storage,Database Developer,Experienced Database Developer with strong background in Python and proven ability to deliver results aligned with business goals.,"Python, Pandas, NumPy, SQL, TensorFlow, PyTorch, Scikit-learn, Data Modeling","Attention to Detail, Analytical Thinking, Troubleshooting, Documentation","Designed, Tuned, Implemented, Migrated, Optimized",Database Developer | Database & Storage
Database & Storage,Data Warehouse Engineer,Experienced Data Warehouse Engineer with strong background in Python and proven ability to deliver results aligned with business goals.,"Python, Pandas, NumPy, SQL, TensorFlow, PyTorch, Scikit-learn, Data Modeling","Attention to Detail, Analytical Thinking, Troubleshooting, Documentation","Designed, Tuned, Implemented, Migrated, Optimized",Data Warehouse Engineer | Database & Storage
Database & Storage,SQL Developer,Experienced SQL Developer with strong background in SQL and proven ability to deliver results aligned with business goals.,"SQL, PL/SQL, ETL Pipelines, Data Warehousing, Indexing, Query Optimization","Attention to Detail, Analytical Thinking, Troubleshooting, Documentation","Designed, Tuned, Implemented, Migrated, Optimized",SQL Developer | Database & Storage
Database & Storage,ETL Developer,Experienced ETL Developer with strong background in SQL and proven ability to deliver results aligned with business goals.,"SQL, PL/SQL, ETL Pipelines, Data Warehousing, Indexing, Query Optimization","Attention to Detail, Analytical Thinking, Troubleshooting, Documentation","Designed, Tuned, Implemented, Migrated, Optimized",ETL Developer | Database & Storage
Database & Storage,NoSQL Database Engineer (MongoDB / Cassandra / Redis),Experienced NoSQL Database Engineer (MongoDB / Cassandra / Redis) with strong background in Python and proven ability to deliver results aligned with business goals.,"Python, Pandas, NumPy, SQL, TensorFlow, PyTorch, Scikit-learn, Data Modeling","Attention to Detail, Analytical Thinking, Troubleshooting, Documentation","Designed, Tuned, Implemented, Migrated, Optimized",NoSQL Database Engineer (MongoDB / Cassandra / Redis) | Database & Storage
Database & Storage,Database Performance Tuning Specialist,Experienced Database Performance Tuning Specialist with strong background in Python and proven ability to deliver results aligned with business goals.,"Python, Pandas, NumPy, SQL, TensorFlow, PyTorch, Scikit-learn, Data Modeling","Attention to Detail, Analytical Thinking, Troubleshooting, Documentation","Designed, Tuned, Implemented, Migrated, Optimized",Database Performance Tuning Specialist | Database & Storage
Database & Storage,Backup & Replication Engineer,Experienced Backup & Replication Engineer with strong background in SAN and proven ability to deliver results aligned with business goals.,"SAN, NAS, Backup Strategies, Replication, Data Protection, DR Planning","Attention to Detail, Analytical Thinking, Troubleshooting, Documentation","Designed, Tuned, Implemented, Migrated, Optimized",Backup & Replication Engineer | Database & Storage
AI & Machine Learning,AI Research Scientist,Experienced AI Research Scientist with strong background in Python and proven ability to deliver results aligned with business goals.,"Python, PyTorch, TensorFlow, NLP, Computer Vision, MLOps, Model Deployment","Research Mindset, Analytical Thinking, Problem Solving, Collaboration","Researched, Trained, Tuned, Deployed, Evaluated",AI Research Scientist | AI & Machine Learning
AI & Machine Learning,ML Engineer / Applied Scientist,Experienced ML Engineer / Applied Scientist with strong background in Python and proven ability to deliver results aligned with business goals.,"Python, PyTorch, TensorFlow, NLP, Computer Vision, MLOps, Model Deployment","Research Mindset, Analytical Thinking, Problem Solving, Collaboration","Researched, Trained, Tuned, Deployed, Evaluated",ML Engineer / Applied Scientist | AI & Machine Learning
AI & Machine Learning,NLP Engineer,Experienced NLP Engineer with strong background in Python and proven ability to deliver results aligned with business goals.,"Python, Pandas, NumPy, SQL, TensorFlow, PyTorch, Scikit-learn, Data Modeling","Research Mindset, Analytical Thinking, Problem Solving, Collaboration","Researched, Trained, Tuned, Deployed, Evaluated",NLP Engineer | AI & Machine Learning
AI & Machine Learning,Speech Recognition Engineer,Experienced Speech Recognition Engineer with strong background in Python and proven ability to deliver results aligned with business goals.,"Python, PyTorch, TensorFlow, NLP, Computer Vision, MLOps, Model Deployment","Research Mindset, Analytical Thinking, Problem Solving, Collaboration","Researched, Trained, Tuned, Deployed, Evaluated",Speech Recognition Engineer | AI & Machine Learning
AI & Machine Learning,Computer Vision Engineer,Experienced Computer Vision Engineer with strong background in Python and proven ability to deliver results aligned with business goals.,"Python, Pandas, NumPy, SQL, TensorFlow, PyTorch, Scikit-learn, Data Modeling","Research Mindset, Analytical Thinking, Problem Solving, Collaboration","Researched, Trained, Tuned, Deployed, Evaluated",Computer Vision Engineer | AI & Machine Learning
AI & Machine Learning,AI Solutions Architect,Experienced AI Solutions Architect with strong background in System Design and proven ability to deliver results aligned with business goals.,"System Design, Microservices, Cloud Architecture, Integration Patterns, Scalability","Research Mindset, Analytical Thinking, Problem Solving, Collaboration","Researched, Trained, Tuned, Deployed, Evaluated",AI Solutions Architect | AI & Machine Learning
AI & Machine Learning,Reinforcement Learning Researcher,Experienced Reinforcement Learning Researcher with strong background in Python and proven ability to deliver results aligned with business goals.,"Python, PyTorch, TensorFlow, NLP, Computer Vision, MLOps, Model Deployment","Research Mindset, Analytical Thinking, Problem Solving, Collaboration","Researched, Trained, Tuned, Deployed, Evaluated",Reinforcement Learning Researcher | AI & Machine Learning
AI & Machine Learning,"Generative AI Developer (LLMs, Diffusion Models)","Experienced Generative AI Developer (LLMs, Diffusion Models) with strong background in Python and proven ability to deliver results aligned with business goals.","Python, PyTorch, TensorFlow, NLP, Computer Vision, MLOps, Model Deployment","Research Mindset, Analytical Thinking, Problem Solving, Collaboration","Researched, Trained, Tuned, Deployed, Evaluated","Generative AI Developer (LLMs, Diffusion Models) | AI & Machine Learning"
AI & Machine Learning,AI Product Manager,Experienced AI Product Manager with strong background in Python and proven ability to deliver results aligned with business goals.,"Python, PyTorch, TensorFlow, NLP, Computer Vision, MLOps, Model Deployment","Research Mindset, Analytical Thinking, Problem Solving, Collaboration","Researched, Trained, Tuned, Deployed, Evaluated",AI Product Manager | AI & Machine Learning
AI & Machine Learning,AI Ethics Officer,Experienced AI Ethics Officer with strong background in AI Governance and proven ability to deliver results aligned with business goals.,"AI Governance, Model Auditing, Fairness Metrics, Explainability, Compliance","Research Mindset, Analytical Thinking, Problem Solving, Collaboration","Researched, Trained, Tuned, Deployed, Evaluated",AI Ethics Officer | AI & Machine Learning
Testing & Quality Assurance,QA Engineer,Experienced QA Engineer with strong background in Selenium and proven ability to deliver results aligned with business goals.,"Selenium, Cypress, JMeter, TestNG, Postman, Automated Test Frameworks","Attention to Detail, Analytical Thinking, Collaboration, Communication","Tested, Automated, Validated, Reported, Improved",QA Engineer | Testing & Quality Assurance
Testing & Quality Assurance,Software Tester,Experienced Software Tester with strong background in Selenium and proven ability to deliver results aligned with business goals.,"Selenium, Cypress, JMeter, TestNG, Postman, Automated Test Frameworks","Attention to Detail, Analytical Thinking, Collaboration, Communication","Tested, Automated, Validated, Reported, Improved",Software Tester | Testing & Quality Assurance
Testing & Quality Assurance,"Automation Test Engineer (Selenium, Cypress, Playwright)","Experienced Automation Test Engineer (Selenium, Cypress, Playwright) with strong background in Selenium and proven ability to deliver results aligned with business goals.","Selenium, Cypress, JMeter, TestNG, Postman, Automated Test Frameworks","Attention to Detail, Analytical Thinking, Collaboration, Communication","Tested, Automated, Validated, Reported, Improved","Automation Test Engineer (Selenium, Cypress, Playwright) | Testing & Quality Assurance"
Testing & Quality Assurance,Manual Tester,Experienced Manual Tester with strong background in Selenium and proven ability to deliver results aligned with business goals.,"Selenium, Cypress, JMeter, TestNG, Postman, Automated Test Frameworks","Attention to Detail, Analytical Thinking, Collaboration, Communication","Tested, Automated, Validated, Reported, Improved",Manual Tester | Testing & Quality Assurance
Testing & Quality Assurance,Performance Test Engineer,Experienced Performance Test Engineer with strong background in Selenium and proven ability to deliver results aligned with business goals.,"Selenium, Cypress, JMeter, TestNG, Postman, Automated Test Frameworks","Attention to Detail, Analytical Thinking, Collaboration, Communication","Tested, Automated, Validated, Reported, Improved",Performance Test Engineer | Testing & Quality Assurance
Testing & Quality Assurance,Security Tester / Pen Tester,Experienced Security Tester / Pen Tester with strong background in Penetration Testing and proven ability to deliver results aligned with business goals.,"Penetration Testing, Burp Suite, Metasploit, YARA, Reverse Engineering, SIEM","Attention to Detail, Analytical Thinking, Collaboration, Communication","Tested, Automated, Validated, Reported, Improved",Security Tester / Pen Tester | Testing & Quality Assurance
Testing & Quality Assurance,Test Automation Architect,Experienced Test Automation Architect with strong background in System Design and proven ability to deliver results aligned with business goals.,"System Design, Microservices, Cloud Architecture, Integration Patterns, Scalability","Attention to Detail, Analytical Thinking, Collaboration, Communication","Tested, Automated, Validated, Reported, Improved",Test Automation Architect | Testing & Quality Assurance
Testing & Quality Assurance,Quality Analyst,Experienced Quality Analyst with strong background in Selenium and proven ability to deliver results aligned with business goals.,"Selenium, Cypress, JUnit, TestNG, Postman, Performance Testing Tools","Attention to Detail, Analytical Thinking, Collaboration, Communication","Tested, Automated, Validated, Reported, Improved",Quality Analyst | Testing & Quality Assurance
Testing & Quality Assurance,UAT (User Acceptance Testing) Lead,Experienced UAT (User Acceptance Testing) Lead with strong background in Selenium and proven ability to deliver results aligned with business goals.,"Selenium, Cypress, JMeter, TestNG, Postman, Automated Test Frameworks","Attention to Detail, Analytical Thinking, Collaboration, Communication","Tested, Automated, Validated, Reported, Improved",UAT (User Acceptance Testing) Lead | Testing & Quality Assurance
Testing & Quality Assurance,Test Manager,Experienced Test Manager with strong background in Selenium and proven ability to deliver results aligned with business goals.,"Selenium, Cypress, JMeter, TestNG, Postman, Automated Test Frameworks","Attention to Detail, Analytical Thinking, Collaboration, Communication","Tested, Automated, Validated, Reported, Improved",Test Manager | Testing & Quality Assurance
IT Support & Service Management,IT Support Engineer,Experienced IT Support Engineer with strong background in Windows and proven ability to deliver results aligned with business goals.,"Windows, Linux, Troubleshooting, Ticketing Systems (JIRA, ServiceNow), Networking Basics","Customer Service, Troubleshooting, Patience, Communication","Resolved, Supported, Documented, Escalated, Troubleshot",IT Support Engineer | IT Support & Service Management
IT Support & Service Management,Help Desk Technician,Experienced Help Desk Technician with strong background in Windows and proven ability to deliver results aligned with business goals.,"Windows, Linux, Troubleshooting, Ticketing Systems (JIRA, ServiceNow), Networking Basics","Customer Service, Troubleshooting, Patience, Communication","Resolved, Supported, Documented, Escalated, Troubleshot",Help Desk Technician | IT Support & Service Management
IT Support & Service Management,Technical Support Associate,Experienced Technical Support Associate with strong background in Windows and proven ability to deliver results aligned with business goals.,"Windows, Linux, Troubleshooting, Ticketing Systems (JIRA, ServiceNow), Networking Basics","Customer Service, Troubleshooting, Patience, Communication","Resolved, Supported, Documented, Escalated, Troubleshot",Technical Support Associate | IT Support & Service Management
IT Support & Service Management,Desktop Support Engineer,Experienced Desktop Support Engineer with strong background in Windows and proven ability to deliver results aligned with business goals.,"Windows, Linux, Troubleshooting, Ticketing Systems (JIRA, ServiceNow), Networking Basics","Customer Service, Troubleshooting, Patience, Communication","Resolved, Supported, Documented, Escalated, Troubleshot",Desktop Support Engineer | IT Support & Service Management
IT Support & Service Management,Service Desk Analyst,Experienced Service Desk Analyst with strong background in Windows and proven ability to deliver results aligned with business goals.,"Windows, Linux, Troubleshooting, Ticketing Systems (JIRA, ServiceNow), Networking Basics","Customer Service, Troubleshooting, Patience, Communication","Resolved, Supported, Documented, Escalated, Troubleshot",Service Desk Analyst | IT Support & Service Management
IT Support & Service Management,IT Technician,Experienced IT Technician with strong background in Windows and proven ability to deliver results aligned with business goals.,"Windows, Linux, Troubleshooting, Ticketing Systems (JIRA, ServiceNow), Networking Basics","Customer Service, Troubleshooting, Patience, Communication","Resolved, Supported, Documented, Escalated, Troubleshot",IT Technician | IT Support & Service Management
IT Support & Service Management,System Support Specialist,Experienced System Support Specialist with strong background in Windows and proven ability to deliver results aligned with business goals.,"Windows, Linux, Troubleshooting, Ticketing Systems (JIRA, ServiceNow), Networking Basics","Customer Service, Troubleshooting, Patience, Communication","Resolved, Supported, Documented, Escalated, Troubleshot",System Support Specialist | IT Support & Service Management
IT Support & Service Management,Field Support Engineer,Experienced Field Support Engineer with strong background in Windows and proven ability to deliver results aligned with business goals.,"Windows, Linux, Troubleshooting, Ticketing Systems (JIRA, ServiceNow), Networking Basics","Customer Service, Troubleshooting, Patience, Communication","Resolved, Supported, Documented, Escalated, Troubleshot",Field Support Engineer | IT Support & Service Management
IT Support & Service Management,IT Asset Manager,Experienced IT Asset Manager with strong background in Windows and proven ability to deliver results aligned with business goals.,"Windows, Linux, Troubleshooting, Ticketing Systems (JIRA, ServiceNow), Networking Basics","Customer Service, Troubleshooting, Patience, Communication","Resolved, Supported, Documented, Escalated, Troubleshot",IT Asset Manager | IT Support & Service Management
IT Support & Service Management,IT Service Manager (ITSM / ITIL Expert),Experienced IT Service Manager (ITSM / ITIL Expert) with strong background in Windows and proven ability to deliver results aligned with business goals.,"Windows, Linux, Troubleshooting, Ticketing Systems (JIRA, ServiceNow), Networking Basics","Customer Service, Troubleshooting, Patience, Communication","Resolved, Supported, Documented, Escalated, Troubleshot",IT Service Manager (ITSM / ITIL Expert) | IT Support & Service Management
"Project, Product & Business Roles",IT Project Manager,Experienced IT Project Manager with strong background in Agile and proven ability to deliver results aligned with business goals.,"Agile, Scrum, JIRA, Product Roadmapping, Requirements Gathering, Stakeholder Management","Leadership, Communication, Prioritization, Negotiation","Managed, Coordinated, Prioritized, Delivered, Facilitated","IT Project Manager | Project, Product & Business Roles"
"Project, Product & Business Roles",Technical Project Coordinator,Experienced Technical Project Coordinator with strong background in Agile and proven ability to deliver results aligned with business goals.,"Agile, Scrum, JIRA, Product Roadmapping, Requirements Gathering, Stakeholder Management","Leadership, Communication, Prioritization, Negotiation","Managed, Coordinated, Prioritized, Delivered, Facilitated","Technical Project Coordinator | Project, Product & Business Roles"
"Project, Product & Business Roles",Scrum Master,Experienced Scrum Master with strong background in Agile and proven ability to deliver results aligned with business goals.,"Agile, Scrum, JIRA, Product Roadmapping, Requirements Gathering, Stakeholder Management","Leadership, Communication, Prioritization, Negotiation","Managed, Coordinated, Prioritized, Delivered, Facilitated","Scrum Master | Project, Product & Business Roles"
"Project, Product & Business Roles",Agile Coach,Experienced Agile Coach with strong background in Agile and proven ability to deliver results aligned with business goals.,"Agile, Scrum, JIRA, Product Roadmapping, Requirements Gathering, Stakeholder Management","Leadership, Communication, Prioritization, Negotiation","Managed, Coordinated, Prioritized, Delivered, Facilitated","Agile Coach | Project, Product & Business Roles"
"Project, Product & Business Roles",Product Manager,Experienced Product Manager with strong background in Agile and proven ability to deliver results aligned with business goals.,"Agile, Scrum, JIRA, Product Roadmapping, Requirements Gathering, Stakeholder Management","Leadership, Communication, Prioritization, Negotiation","Managed, Coordinated, Prioritized, Delivered, Facilitated","Product Manager | Project, Product & Business Roles"
"Project, Product & Business Roles",Product Owner,Experienced Product Owner with strong background in Agile and proven ability to deliver results aligned with business goals.,"Agile, Scrum, JIRA, Product Roadmapping, Requirements Gathering, Stakeholder Management","Leadership, Communication, Prioritization, Negotiation","Managed, Coordinated, Prioritized, Delivered, Facilitated","Product Owner | Project, Product & Business Roles"
"Project, Product & Business Roles",Program Manager,Experienced Program Manager with strong background in Agile and proven ability to deliver results aligned with business goals.,"Agile, Scrum, JIRA, Product Roadmapping, Requirements Gathering, Stakeholder Management","Leadership, Communication, Prioritization, Negotiation","Managed, Coordinated, Prioritized, Delivered, Facilitated","Program Manager | Project, Product & Business Roles"
"Project, Product & Business Roles",Release Manager,Experienced Release Manager with strong background in Agile and proven ability to deliver results aligned with business goals.,"Agile, Scrum, JIRA, Product Roadmapping, Requirements Gathering, Stakeholder Management","Leadership, Communication, Prioritization, Negotiation","Managed, Coordinated, Prioritized, Delivered, Facilitated","Release Manager | Project, Product & Business Roles"
"Project, Product & Business Roles",Business Analyst,Experienced Business Analyst with strong background in Agile and proven ability to deliver results aligned with business goals.,"Agile, Scrum, JIRA, Product Roadmapping, Requirements Gathering, Stakeholder Management","Leadership, Communication, Prioritization, Negotiation","Managed, Coordinated, Prioritized, Delivered, Facilitated","Business Analyst | Project, Product & Business Roles"
"Project, Product & Business Roles",Functional Consultant,Experienced Functional Consultant with strong background in Agile and proven ability to deliver results aligned with business goals.,"Agile, Scrum, JIRA, Product Roadmapping, Requirements Gathering, Stakeholder Management","Leadership, Communication, Prioritization, Negotiation","Managed, Coordinated, Prioritized, Delivered, Facilitated","Functional Consultant | Project, Product & Business Roles"
"Project, Product & Business Roles",Technical Consultant,Experienced Technical Consultant with strong background in Agile and proven ability to deliver results aligned with business goals.,"Agile, Scrum, JIRA, Product Roadmapping, Requirements Gathering, Stakeholder Management","Leadership, Communication, Prioritization, Negotiation","Managed, Coordinated, Prioritized, Delivered, Facilitated","Technical Consultant | Project, Product & Business Roles"
"Project, Product & Business Roles",Implementation Specialist,Experienced Implementation Specialist with strong background in Agile and proven ability to deliver results aligned with business goals.,"Agile, Scrum, JIRA, Product Roadmapping, Requirements Gathering, Stakeholder Management","Leadership, Communication, Prioritization, Negotiation","Managed, Coordinated, Prioritized, Delivered, Facilitated","Implementation Specialist | Project, Product & Business Roles"
"Project, Product & Business Roles",Solutions Consultant,Experienced Solutions Consultant with strong background in Agile and proven ability to deliver results aligned with business goals.,"Agile, Scrum, JIRA, Product Roadmapping, Requirements Gathering, Stakeholder Management","Leadership, Communication, Prioritization, Negotiation","Managed, Coordinated, Prioritized, Delivered, Facilitated","Solutions Consultant | Project, Product & Business Roles"
Design & User Experience,UI/UX Designer,Experienced UI/UX Designer with strong background in HTML5 and proven ability to deliver results aligned with business goals.,"HTML5, CSS3, JavaScript, React, TypeScript, Web Accessibility, Responsive Design","Creativity, Empathy, Communication, Collaboration, Attention to Detail","Designed, Prototyped, Researched, Iterated, Validated",UI/UX Designer | Design & User Experience
Design & User Experience,UX Researcher,Experienced UX Researcher with strong background in Figma and proven ability to deliver results aligned with business goals.,"Figma, Adobe XD, Wireframing, Prototyping, User Research, Design Systems","Creativity, Empathy, Communication, Collaboration, Attention to Detail","Designed, Prototyped, Researched, Iterated, Validated",UX Researcher | Design & User Experience
Design & User Experience,Product Designer,Experienced Product Designer with strong background in Figma and proven ability to deliver results aligned with business goals.,"Figma, Adobe XD, Wireframing, Prototyping, User Research, Design Systems","Creativity, Empathy, Communication, Collaboration, Attention to Detail","Designed, Prototyped, Researched, Iterated, Validated",Product Designer | Design & User Experience
Design & User Experience,Visual Designer,Experienced Visual Designer with strong background in HTML5 and proven ability to deliver results aligned with business goals.,"HTML5, CSS3, JavaScript, React, TypeScript, Web Accessibility, Responsive Design","Creativity, Empathy, Communication, Collaboration, Attention to Detail","Designed, Prototyped, Researched, Iterated, Validated",Visual Designer | Design & User Experience
Design & User Experience,Interaction Designer,Experienced Interaction Designer with strong background in Figma and proven ability to deliver results aligned with business goals.,"Figma, Adobe XD, Sketch, Prototyping, Wireframing, HTML/CSS basics","Creativity, Empathy, Communication, Collaboration, Attention to Detail","Designed, Prototyped, Researched, Iterated, Validated",Interaction Designer | Design & User Experience
Design & User Experience,UX Writer,Experienced UX Writer with strong background in Figma and proven ability to deliver results aligned with business goals.,"Figma, Adobe XD, Wireframing, Prototyping, User Research, Design Systems","Creativity, Empathy, Communication, Collaboration, Attention to Detail","Designed, Prototyped, Researched, Iterated, Validated",UX Writer | Design & User Experience
Design & User Experience,Creative Technologist,Experienced Creative Technologist with strong background in Figma and proven ability to deliver results aligned with business goals.,"Figma, Adobe XD, Sketch, Prototyping, Wireframing, HTML/CSS basics","Creativity, Empathy, Communication, Collaboration, Attention to Detail","Designed, Prototyped, Researched, Iterated, Validated",Creative Technologist | Design & User Experience
"Documentation, Training & Support",Technical Writer,Experienced Technical Writer with strong background in Technical Writing and proven ability to deliver results aligned with business goals.,"Technical Writing, Markdown, Scripting, Documentation Tools, API Docs","Clarity, Communication, Teaching, Attention to Detail","Authored, Documented, Trained, Curated, Edited","Technical Writer | Documentation, Training & Support"
"Documentation, Training & Support",Documentation Specialist,Experienced Documentation Specialist with strong background in Technical Writing and proven ability to deliver results aligned with business goals.,"Technical Writing, Markdown, Scripting, Documentation Tools, API Docs","Clarity, Communication, Teaching, Attention to Detail","Authored, Documented, Trained, Curated, Edited","Documentation Specialist | Documentation, Training & Support"
"Documentation, Training & Support",Instructional Designer,Experienced Instructional Designer with strong background in Technical Writing and proven ability to deliver results aligned with business goals.,"Technical Writing, Documentation Tools, Markdown, Content Strategy, LMS","Clarity, Communication, Teaching, Attention to Detail","Authored, Documented, Trained, Curated, Edited","Instructional Designer | Documentation, Training & Support"
"Documentation, Training & Support",IT Trainer / Corporate Trainer,Experienced IT Trainer / Corporate Trainer with strong background in Technical Writing and proven ability to deliver results aligned with business goals.,"Technical Writing, Documentation Tools, Markdown, Content Strategy, LMS","Clarity, Communication, Teaching, Attention to Detail","Authored, Documented, Trained, Curated, Edited","IT Trainer / Corporate Trainer | Documentation, Training & Support"
"Documentation, Training & Support",Knowledge Manager,Experienced Knowledge Manager with strong background in Technical Writing and proven ability to deliver results aligned with business goals.,"Technical Writing, Documentation Tools, Markdown, Content Strategy, LMS","Clarity, Communication, Teaching, Attention to Detail","Authored, Documented, Trained, Curated, Edited","Knowledge Manager | Documentation, Training & Support"
Web & Digital,Web Developer,Experienced Web Developer with strong background in HTML5 and proven ability to deliver results aligned with business goals.,"HTML5, CSS3, JavaScript, React, TypeScript, Web Accessibility, Responsive Design","Creativity, Analytical Thinking, Communication, Adaptability","Developed, Optimized, Implemented, Managed, Analyzed",Web Developer | Web & Digital
Web & Digital,SEO Specialist,Experienced SEO Specialist with strong background in SEO and proven ability to deliver results aligned with business goals.,"SEO, Google Analytics, SEM, Content Strategy, CMS, Conversion Optimization","Creativity, Analytical Thinking, Communication, Adaptability","Developed, Optimized, Implemented, Managed, Analyzed",SEO Specialist | Web & Digital
Web & Digital,Digital Marketing Analyst,Experienced Digital Marketing Analyst with strong background in SEO and proven ability to deliver results aligned with business goals.,"SEO, Google Analytics, SEM, Content Strategy, CMS, Conversion Optimization","Creativity, Analytical Thinking, Communication, Adaptability","Developed, Optimized, Implemented, Managed, Analyzed",Digital Marketing Analyst | Web & Digital
Web & Digital,Content Management System (CMS) Developer,Experienced Content Management System (CMS) Developer with strong background in HTML and proven ability to deliver results aligned with business goals.,"HTML, CSS, JavaScript, SEO, CMS (WordPress), Analytics, E-commerce Platforms","Creativity, Analytical Thinking, Communication, Adaptability","Developed, Optimized, Implemented, Managed, Analyzed",Content Management System (CMS) Developer | Web & Digital
Web & Digital,Web Operations Manager,Experienced Web Operations Manager with strong background in HTML and proven ability to deliver results aligned with business goals.,"HTML, CSS, JavaScript, SEO, CMS (WordPress), Analytics, E-commerce Platforms","Creativity, Analytical Thinking, Communication, Adaptability","Developed, Optimized, Implemented, Managed, Analyzed",Web Operations Manager | Web & Digital
Web & Digital,E-commerce Developer,Experienced E-commerce Developer with strong background in HTML and proven ability to deliver results aligned with business goals.,"HTML, CSS, JavaScript, SEO, CMS (WordPress), Analytics, E-commerce Platforms","Creativity, Analytical Thinking, Communication, Adaptability","Developed, Optimized, Implemented, Managed, Analyzed",E-commerce Developer | Web & Digital
Emerging Tech & Special Domains,Blockchain Developer,Experienced Blockchain Developer with strong background in Solidity and proven ability to deliver results aligned with business goals.,"Solidity, Smart Contracts, Ethereum, Web3.js, Token Standards, IPFS","Innovation, Curiosity, Research, Problem Solving, Collaboration","Developed, Researched, Implemented, Prototyped, Integrated",Blockchain Developer | Emerging Tech & Special Domains
Emerging Tech & Special Domains,Web3 Engineer,Experienced Web3 Engineer with strong background in Solidity and proven ability to deliver results aligned with business goals.,"Solidity, Smart Contracts, Ethereum, Web3.js, Token Standards, IPFS","Innovation, Curiosity, Research, Problem Solving, Collaboration","Developed, Researched, Implemented, Prototyped, Integrated",Web3 Engineer | Emerging Tech & Special Domains
Emerging Tech & Special Domains,AR/VR Developer,Experienced AR/VR Developer with strong background in Unity/Unreal and proven ability to deliver results aligned with business goals.,"Unity/Unreal, Embedded Systems, Sensor Integration, MQTT, ROS, Computer Vision","Innovation, Curiosity, Research, Problem Solving, Collaboration","Developed, Researched, Implemented, Prototyped, Integrated",AR/VR Developer | Emerging Tech & Special Domains
Emerging Tech & Special Domains,IoT Engineer,Experienced IoT Engineer with strong background in Unity/Unreal and proven ability to deliver results aligned with business goals.,"Unity/Unreal, Embedded Systems, Sensor Integration, MQTT, ROS, Computer Vision","Innovation, Curiosity, Research, Problem Solving, Collaboration","Developed, Researched, Implemented, Prototyped, Integrated",IoT Engineer | Emerging Tech & Special Domains
Emerging Tech & Special Domains,Robotics Engineer,Experienced Robotics Engineer with strong background in Unity/Unreal and proven ability to deliver results aligned with business goals.,"Unity/Unreal, Embedded Systems, Sensor Integration, MQTT, ROS, Computer Vision","Innovation, Curiosity, Research, Problem Solving, Collaboration","Developed, Researched, Implemented, Prototyped, Integrated",Robotics Engineer | Emerging Tech & Special Domains
Emerging Tech & Special Domains,Edge Computing Engineer,Experienced Edge Computing Engineer with strong background in Blockchain and proven ability to deliver results aligned with business goals.,"Blockchain, Smart Contracts (Solidity), IoT Protocols, AR/VR, Robotics, Edge Computing","Innovation, Curiosity, Research, Problem Solving, Collaboration","Developed, Researched, Implemented, Prototyped, Integrated",Edge Computing Engineer | Emerging Tech & Special Domains
Emerging Tech & Special Domains,Quantum Computing Researcher,Experienced Quantum Computing Researcher with strong background in Blockchain and proven ability to deliver results aligned with business goals.,"Blockchain, Smart Contracts (Solidity), IoT Protocols, AR/VR, Robotics, Edge Computing","Innovation, Curiosity, Research, Problem Solving, Collaboration","Developed, Researched, Implemented, Prototyped, Integrated",Quantum Computing Researcher | Emerging Tech & Special Domains
Emerging Tech & Special Domains,5G Network Specialist,Experienced 5G Network Specialist with strong background in TCP/IP and proven ability to deliver results aligned with business goals.,"TCP/IP, BGP, OSPF, Cisco IOS, Switching, Routing, Network Monitoring","Innovation, Curiosity, Research, Problem Solving, Collaboration","Developed, Researched, Implemented, Prototyped, Integrated",5G Network Specialist | Emerging Tech & Special Domains
Emerging Tech & Special Domains,Digital Twin Engineer,Experienced Digital Twin Engineer with strong background in Blockchain and proven ability to deliver results aligned with business goals.,"Blockchain, Smart Contracts (Solidity), IoT Protocols, AR/VR, Robotics, Edge Computing","Innovation, Curiosity, Research, Problem Solving, Collaboration","Developed, Researched, Implemented, Prototyped, Integrated",Digital Twin Engineer | Emerging Tech & Special Domains
Enterprise & Business Systems,ERP Consultant (SAP / Oracle / Dynamics),Experienced ERP Consultant (SAP / Oracle / Dynamics) with strong background in SAP (ABAP) and proven ability to deliver results aligned with business goals.,"SAP (ABAP), Oracle EBS, Dynamics, Salesforce, Integration, Customization","Business Acumen, Communication, Analytical Thinking, Stakeholder Management","Implemented, Configured, Integrated, Trained, Migrated",ERP Consultant (SAP / Oracle / Dynamics) | Enterprise & Business Systems
Enterprise & Business Systems,CRM Developer (Salesforce / Zoho / HubSpot),Experienced CRM Developer (Salesforce / Zoho / HubSpot) with strong background in SAP (ABAP) and proven ability to deliver results aligned with business goals.,"SAP (ABAP), Oracle EBS, Dynamics, Salesforce, Integration, Customization","Business Acumen, Communication, Analytical Thinking, Stakeholder Management","Implemented, Configured, Integrated, Trained, Migrated",CRM Developer (Salesforce / Zoho / HubSpot) | Enterprise & Business Systems
Enterprise & Business Systems,Business Systems Analyst,Experienced Business Systems Analyst with strong background in SAP and proven ability to deliver results aligned with business goals.,"SAP, Oracle, Dynamics, CRM, Integration, Business Processes, SQL","Business Acumen, Communication, Analytical Thinking, Stakeholder Management","Implemented, Configured, Integrated, Trained, Migrated",Business Systems Analyst | Enterprise & Business Systems
Enterprise & Business Systems,Application Support Engineer,Experienced Application Support Engineer with strong background in SAP and proven ability to deliver results aligned with business goals.,"SAP, Oracle, Dynamics, CRM, Integration, Business Processes, SQL","Business Acumen, Communication, Analytical Thinking, Stakeholder Management","Implemented, Configured, Integrated, Trained, Migrated",Application Support Engineer | Enterprise & Business Systems
Enterprise & Business Systems,Enterprise Solutions Engineer,Experienced Enterprise Solutions Engineer with strong background in SAP and proven ability to deliver results aligned with business goals.,"SAP, Oracle, Dynamics, CRM, Integration, Business Processes, SQL","Business Acumen, Communication, Analytical Thinking, Stakeholder Management","Implemented, Configured, Integrated, Trained, Migrated",Enterprise Solutions Engineer | Enterprise & Business Systems
Entry-Level / Junior Roles,Intern / Trainee Engineer,Motivated early-career professional eager to apply foundational skills in Fundamentals: Python/Java/SQL to real-world projects and grow technical expertise.,"Fundamentals: Python/Java/SQL, Git, Debugging, Basic Web Technologies","Learning Agility, Teamwork, Communication, Problem Solving","Assisted, Implemented, Learned, Supported, Debugged",Intern / Trainee Engineer | Entry-Level / Junior Roles
Entry-Level / Junior Roles,Junior Developer,Motivated early-career professional eager to apply foundational skills in Fundamentals: Python/Java/SQL to real-world projects and grow technical expertise.,"Fundamentals: Python/Java/SQL, Git, Debugging, Basic Web Technologies","Learning Agility, Teamwork, Communication, Problem Solving","Assisted, Implemented, Learned, Supported, Debugged",Junior Developer | Entry-Level / Junior Roles
Entry-Level / Junior Roles,Associate Software Engineer,Experienced Associate Software Engineer with strong background in Fundamentals: Python/Java/SQL and proven ability to deliver results aligned with business goals.,"Fundamentals: Python/Java/SQL, Git, Debugging, Basic Web Technologies","Learning Agility, Teamwork, Communication, Problem Solving","Assisted, Implemented, Learned, Supported, Debugged",Associate Software Engineer | Entry-Level / Junior Roles
Entry-Level / Junior Roles,Graduate Analyst,Motivated early-career professional eager to apply foundational skills in Fundamentals: Python/Java/SQL to real-world projects and grow technical expertise.,"Fundamentals: Python/Java/SQL, Git, Debugging, Basic Web Technologies","Learning Agility, Teamwork, Communication, Problem Solving","Assisted, Implemented, Learned, Supported, Debugged",Graduate Analyst | Entry-Level / Junior Roles
Entry-Level / Junior Roles,Support Associate,Experienced Support Associate with strong background in Fundamentals: Python/Java/SQL and proven ability to deliver results aligned with business goals.,"Fundamentals: Python/Java/SQL, Git, Debugging, Basic Web Technologies","Learning Agility, Teamwork, Communication, Problem Solving","Assisted, Implemented, Learned, Supported, Debugged",Support Associate | Entry-Level / Junior Roles
Entry-Level / Junior Roles,Junior Data Analyst,Motivated early-career professional eager to apply foundational skills in Python to real-world projects and grow technical expertise.,"Python, Pandas, NumPy, SQL, TensorFlow, PyTorch, Scikit-learn, Data Modeling","Learning Agility, Teamwork, Communication, Problem Solving","Assisted, Implemented, Learned, Supported, Debugged",Junior Data Analyst | Entry-Level / Junior Roles
Entry-Level / Junior Roles,Junior Network Engineer,Motivated early-career professional eager to apply foundational skills in TCP/IP to real-world projects and grow technical expertise.,"TCP/IP, BGP, OSPF, Cisco IOS, Switching, Routing, Network Monitoring","Learning Agility, Teamwork, Communication, Problem Solving","Assisted, Implemented, Learned, Supported, Debugged",Junior Network Engineer | Entry-Level / Junior Roles
Non-Tech but Tech-Related,IT Recruiter,Experienced IT Recruiter with strong background in Salesforce basics and proven ability to deliver results aligned with business goals.,"Salesforce basics, CRM familiarity, Procurement tools, Vendor Management","Communication, Negotiation, Relationship Management, Organization","Coordinated, Managed, Negotiated, Facilitated, Presented",IT Recruiter | Non-Tech but Tech-Related
Non-Tech but Tech-Related,IT Procurement Specialist,Experienced IT Procurement Specialist with strong background in Salesforce basics and proven ability to deliver results aligned with business goals.,"Salesforce basics, CRM familiarity, Procurement tools, Vendor Management","Communication, Negotiation, Relationship Management, Organization","Coordinated, Managed, Negotiated, Facilitated, Presented",IT Procurement Specialist | Non-Tech but Tech-Related
Non-Tech but Tech-Related,Vendor Manager,Experienced Vendor Manager with strong background in Salesforce basics and proven ability to deliver results aligned with business goals.,"Salesforce basics, CRM familiarity, Procurement tools, Vendor Management","Communication, Negotiation, Relationship Management, Organization","Coordinated, Managed, Negotiated, Facilitated, Presented",Vendor Manager | Non-Tech but Tech-Related
Non-Tech but Tech-Related,IT Sales Engineer / Pre-Sales Consultant,Experienced IT Sales Engineer / Pre-Sales Consultant with strong background in Salesforce basics and proven ability to deliver results aligned with business goals.,"Salesforce basics, CRM familiarity, Procurement tools, Vendor Management","Communication, Negotiation, Relationship Management, Organization","Coordinated, Managed, Negotiated, Facilitated, Presented",IT Sales Engineer / Pre-Sales Consultant | Non-Tech but Tech-Related
Non-Tech but Tech-Related,Customer Success Engineer,Experienced Customer Success Engineer with strong background in Salesforce basics and proven ability to deliver results aligned with business goals.,"Salesforce basics, CRM familiarity, Procurement tools, Vendor Management","Communication, Negotiation, Relationship Management, Organization","Coordinated, Managed, Negotiated, Facilitated, Presented",Customer Success Engineer | Non-Tech but Tech-Related
Non-Tech but Tech-Related,Technical Account Manager,Experienced Technical Account Manager with strong background in Salesforce basics and proven ability to deliver results aligned with business goals.,"Salesforce basics, CRM familiarity, Procurement tools, Vendor Management","Communication, Negotiation, Relationship Management, Organization","Coordinated, Managed, Negotiated, Facilitated, Presented",Technical Account Manager | Non-Tech but Tech-Related
Emerging Management Roles,Head of Cloud Transformation,Strategic leader with proven experience in Cloud Strategy and driving cross-functional teams to achieve organizational objectives.,"Cloud Strategy, Data Strategy, Cybersecurity Strategy, Automation Roadmaps","Strategic Thinking, Leadership, Stakeholder Management, Change Management","Led, Directed, Transformed, Strategized, Implemented",Head of Cloud Transformation | Emerging Management Roles
Emerging Management Roles,Head of Data & Analytics,Strategic leader with proven experience in Python and driving cross-functional teams to achieve organizational objectives.,"Python, Pandas, NumPy, SQL, TensorFlow, PyTorch, Scikit-learn, Data Modeling","Strategic Thinking, Leadership, Stakeholder Management, Change Management","Led, Directed, Transformed, Strategized, Implemented",Head of Data & Analytics | Emerging Management Roles
Emerging Management Roles,Head of Cybersecurity,Strategic leader with proven experience in Cloud Strategy and driving cross-functional teams to achieve organizational objectives.,"Cloud Strategy, Data Strategy, Cybersecurity Strategy, Automation Roadmaps","Strategic Thinking, Leadership, Stakeholder Management, Change Management","Led, Directed, Transformed, Strategized, Implemented",Head of Cybersecurity | Emerging Management Roles
Emerging Management Roles,Head of DevOps & Automation,Strategic leader with proven experience in Jenkins and driving cross-functional teams to achieve organizational objectives.,"Jenkins, GitLab CI, Docker, Kubernetes, Terraform, Ansible, Monitoring","Strategic Thinking, Leadership, Stakeholder Management, Change Management","Led, Directed, Transformed, Strategized, Implemented",Head of DevOps & Automation | Emerging Management Roles
Emerging Management Roles,Innovation Strategist,Experienced Innovation Strategist with strong background in Cloud Strategy and proven ability to deliver results aligned with business goals.,"Cloud Strategy, Data Strategy, Cybersecurity Strategy, Automation Roadmaps","Strategic Thinking, Leadership, Stakeholder Management, Change Management","Led, Directed, Transformed, Strategized, Implemented",Innovation Strategist | Emerging Management Roles
Emerging Management Roles,Digital Transformation Consultant,Experienced Digital Transformation Consultant with strong background in Cloud Strategy and proven ability to deliver results aligned with business goals.,"Cloud Strategy, Data Strategy, Cybersecurity Strategy, Automation Roadmaps","Strategic Thinking, Leadership, Stakeholder Management, Change Management","Led, Directed, Transformed, Strategized, Implemented",Digital Transformation Consultant | Emerging Management Roles
